1,f1,,Piamonte,Nathalie,,San Agustin,Female,Farmer,user.png,farmer,Active,f1
2,f2,, Marasigan,Janice,,San Agustin,Female,Farmer,user.png,farmer,Active,f2
3,f3,,Garcia,Gina,,San Agustin,Female,Farmer,user.png,farmer,Active,f3
4,f4,,Magdalena,Gio,,San Agustin,Male,Farmer,user.png,farmer,Active,f4
5,f5,,Malijin,Port,,San Agustin,Male,Farmer,user.png,farmer,Active,f5
6,f6,,Subilana,Hinio,,San Agustin,Male,Farmer,user.png,farmer,Active,f6
7,f7,,Portland,Gio,,San Agustin,Male,Farmer,user.png,farmer,Active,f7
8,f8,,Milarpis,Lanz,,San Agustin,Male,Farmer,user.png,farmer,Active,f8
9,f9,,Villanueva,Keanu,,San Agustin,Male,Farmer,user.png,farmer,Active,f9
10,f10,,Mondragon,James,,San Agustin,Male,Farmer,user.png,farmer,Active,f10
11,f11,,Matsunaga,Peter,,San Agustin,Male,Farmer,user.png,farmer,Active,f11
12,f12,,Hernandez,Samuel,,San Agustin,Male,Farmer,user.png,farmer,Active,f12
13,f13,,Guevarra,Renan,,San Agustin,Male,Farmer,user.png,farmer,Active,f13
14,f14,,Motencino,Jomar,,San Agustin,Male,Farmer,user.png,farmer,Active,f14
15,f15,,Mabilangan,Lito,,San Agustin,Male,Farmer,user.png,farmer,Active,f15
16,f16,,Malveda,Portiz,,San Agustin,Male,Farmer,user.png,farmer,Active,f16
17,f17,,Mabilangan,Roy,,San Agustin,Male,Farmer,user.png,farmer,Active,f17
18,f18,,Velasco,Amber,,San Agustin,Male,Farmer,user.png,farmer,Active,f18
19,f19,,Luna,Mario,,San Agustin,Male,Farmer,user.png,farmer,Active,f19
20,f20,,Majalilin,Junmar,,San Agustin,Male,Farmer,user.png,farmer,Active,f20
21,f21,,Legaspi,Tammy,,San Agustin,Male,Farmer,user.png,farmer,Active,f21
22,f22,,Lopez,Alvin,,San Agustin,Male,Farmer,user.png,farmer,Active,f22
23,f23,,Seno,Jaycee,,San Agustin,Male,Farmer,user.png,farmer,Active,f23
24,f24,,ceda,Adrian,,San Agustin,Male,Farmer,user.png,farmer,Active,f24
25,f25,,Castillo,Jaren,,San Agustin,Male,Farmer,user.png,farmer,Active,f25
26,f26,,Romen,Aldous,,San Agustin,Male,Farmer,user.png,farmer,Active,f26
27,f27,,Dela cruz,Ren,,San Agustin,Male,Farmer,user.png,farmer,Active,f27
28,f28,,Rivera,Carl,,San Agustin,Male,Farmer,user.png,farmer,Active,f28
29,f29,,Pabelico,Sean,,San Agustin,Male,Farmer,user.png,farmer,Active,f29
30,f30,,Pulido,Brent,,San Agustin,Male,Farmer,user.png,farmer,Active,f30
31,f31,,Mabuyo,Mico,,San Agustin,Male,Farmer,user.png,farmer,Active,f31
32,f32,,Sagun,Kim,,San Agustin,Male,Farmer,user.png,farmer,Active,f32
33,f33,,Mina,Patrick,,San Agustin,Male,Farmer,user.png,farmer,Active,f33
34,f34,,Pido,Aaron,,San Agustin,Male,Farmer,user.png,farmer,Active,f34
35,f35,,kiyo,Mark,,San Agustin,Male,Farmer,user.png,farmer,Active,f35
36,f36,,Atienza,Mike,,San Agustin,Male,Farmer,user.png,farmer,Active,f36
37,f37,,Yap,Gerald,,San Agustin,Male,Farmer,user.png,farmer,Active,f37
38,f38,,Biyong,Jommel,,San Agustin,Male,Farmer,user.png,farmer,Active,f38
39,f39,,Maceda,Ryan,,San Agustin,Male,Farmer,user.png,farmer,Active,f39
40,f40,,Manglo,Robert,,San Agustin,Male,Farmer,user.png,farmer,Active,f40
41,f41,,Barila,Jhong,,San Agustin,Male,Farmer,user.png,farmer,Active,f41
42,f42,,Gaston,Billy,,San Agustin,Male,Farmer,user.png,farmer,Active,f42
43,f43 ,,Garcia,Dave,,San Antonio,Male,Farmer,user.png,farmer,Active,f43 
44,f44,,Tuiza,Mae,,San Antonio,Female,Farmer,user.png,farmer,Active,f44
45,f45,,Soya,Cristine,,San Antonio,Female,Farmer,user.png,farmer,Active,f45
46,f46,,Espino,Eliza,,San Antonio,Female,Farmer,user.png,farmer,Active,f46
47,f47,,Valderama,Carmen,,San Antonio,Female,Farmer,user.png,farmer,Active,f47
48,f48 ,,Seda,Susan,,San Antonio,Female,Farmer,user.png,farmer,Active,f48 
49,f49,,Villegas,Goreng,,San Antonio,Female,Farmer,user.png,farmer,Active,f49
50,f50,,Castro,David,,San Antonio,Male,Farmer,user.png,farmer,Active,f50
51,f51 ,,David,Anton,,San Antonio,Male,Farmer,user.png,farmer,Active,f51 
52,f52,,Cruz,Rex,,San Antonio,Male,Farmer,user.png,farmer,Active,f52
53,f53,,Cenol,Jaime,,San Antonio,Male,Farmer,user.png,farmer,Active,f53
54,f54,,Tolentino,Arvin,,San Antonio,Male,Farmer,user.png,farmer,Active,f54
55,f55,,Masa,Bio,,San Antonio,Male,Farmer,user.png,farmer,Active,f55
56,f56,,Yap,Ken,,San Antonio,Male,Farmer,user.png,farmer,Active,f56
57,f57,,Garcia,Jose,,San Antonio,Male,Farmer,user.png,farmer,Active,f57
58,f58,,Caleb,Dan,,San Antonio,Male,Farmer,user.png,farmer,Active,f58
59,f59,,Trinidad,Lorenz,,San Antonio,Male,Farmer,user.png,farmer,Active,f59
60,f60,,Nedugma,Jay,,San Antonio,Male,Farmer,user.png,farmer,Active,f60
61,f61,,Talatala,Jose,,San Antonio,Male,Farmer,user.png,farmer,Active,f61
62,f62,,Castillo,Icio,,San Antonio,Male,Farmer,user.png,farmer,Active,f62
63,f63,,Soriano,Wilson,,San Antonio,Male,Farmer,user.png,farmer,Active,f63
64,f64,,Natividad,Eric,,San Antonio,Male,Farmer,user.png,farmer,Active,f64
65,f65,,Sarmiento,Dave,,San Antonio,Male,Farmer,user.png,farmer,Active,f65
66,f66,,Cosa,Rodel,,San Antonio,Male,Farmer,user.png,farmer,Active,f66
67,f67,,Cosabit,Jim,,San Antonio,Male,Farmer,user.png,farmer,Active,f67
68,f68,,Pitogo,Ferdie,,San Antonio,Male,Farmer,user.png,farmer,Active,f68
69,f69,,kayuda,Cris,,San Antonio,Male,Farmer,user.png,farmer,Active,f69
70,f70,,Adobo,Melvin,,San Antonio,Male,Farmer,user.png,farmer,Active,f70
71,f71,,De villa,Paolo,,San Antonio,Male,Farmer,user.png,farmer,Active,f71
72,f72,,Reyes,Miko,,San Antonio,Male,Farmer,user.png,farmer,Active,f72
73,f73,,Plaza,Harisson,,San Antonio,Male,Farmer,user.png,farmer,Active,f73
74,f74,,Montecillo,Mayong,,San Antonio,Male,Farmer,user.png,farmer,Active,f74
75,f75,,Lopez,John,,San Antonio,Male,Farmer,user.png,farmer,Active,f75
76,f76,,Malabanan,Arman,,San Antonio,Male,Farmer,user.png,farmer,Active,f76
77,f77,,Guevarra,Rex,,San Antonio,Male,Farmer,user.png,farmer,Active,f77
78,f78,,Ignacio,Elner,,San Antonio,Male,Farmer,user.png,farmer,Active,f78
79,f79,,Malveda,Jonathan,,San Antonio,Male,Farmer,user.png,farmer,Active,f79
80,f80,,Malabanan,Gino,,San Antonio,Male,Farmer,user.png,farmer,Active,f80
81,f81,,Zuniga,Chester,,San Antonio,Male,Farmer,user.png,farmer,Active,f81
82,f82,,Centeno,James,,San Antonio,Male,Farmer,user.png,farmer,Active,f82
83,f83,,Lastimosa,June,,San Antonio,Male,Farmer,user.png,farmer,Active,f83
84,f84,,Angeles,Beth,,San Bartolome,Female,Farmer,user.png,farmer,Active,f84
85,f85,,Malveda,Kim,,San Bartolome,Male,Farmer,user.png,farmer,Active,f85
86,f86,,Ona,Micheal,,San Bartolome,Male,Farmer,user.png,farmer,Active,f86
87,f87,,Elic,Jimmy,,San Bartolome,Male,Farmer,user.png,farmer,Active,f87
88,f88,,Gatchalian,Luis,,San Bartolome,Male,Farmer,user.png,farmer,Active,f88
89,f99,,Guevarra,Sean,,San Bartolome,Male,Farmer,user.png,farmer,Active,f99
90,f90,,Malaluan,Bio,,San Bartolome,Male,Farmer,user.png,farmer,Active,f90
91,f91,,Veterena,Resty,,San Bartolome,Male,Farmer,user.png,farmer,Active,f91
92,f92,,Matsunaga,Imbet,,San Bartolome,Male,Farmer,user.png,farmer,Active,f92
93,f93,,Garcia,Sato,,San Bartolome,Male,Farmer,user.png,farmer,Active,f93
94,f94,,Evangelista,Primo,,San Bartolome,Male,Farmer,user.png,farmer,Active,f94
95,f95,,Macahiya,Joshua,,San Bartolome,Male,Farmer,user.png,farmer,Active,f95
96,f96,,Malabanan,Christian,,San Bartolome,Male,Farmer,user.png,farmer,Active,f96
97,f97,,Gonzales,David,,San Bartolome,Male,Farmer,user.png,farmer,Active,f97
98,f98,,Buenaflor,Estilito,,San Bartolome,Male,Farmer,user.png,farmer,Active,f98
99,f99,,Dilag,Patrick,,San Bartolome,Male,Farmer,user.png,farmer,Active,f99
100,f100,,Costales,Roy,,San Bartolome,Male,Farmer,user.png,farmer,Active,f100
101,f101,,Buenconsejo,Rico,,San Bartolome,Male,Farmer,user.png,farmer,Active,f101
102,f102,,Mangao,James,,San Bartolome,Male,Farmer,user.png,farmer,Active,f102
103,f103,,Talion,Jason,,San Bartolome,Male,Farmer,user.png,farmer,Active,f103
104,f104,,Magtibay,Asyong,,San Bartolome,Male,Farmer,user.png,farmer,Active,f104
105,f105,,Catacutan,Rowel,,San Bartolome,Male,Farmer,user.png,farmer,Active,f105
106,f106,,Estrella,Amorsolo,,San Bartolome,Male,Farmer,user.png,farmer,Active,f106
107,f107,,Seno,Cito,,San Bartolome,Male,Farmer,user.png,farmer,Active,f107
108,f108,,Malambut,Lino,,San Bartolome,Male,Farmer,user.png,farmer,Active,f108
109,f109,,Santiago,Iyong,,San Bartolome,Male,Farmer,user.png,farmer,Active,f109
110,f110,,Villarosa,Mark,,San Bartolome,Male,Farmer,user.png,farmer,Active,f110
111,f111,,Roxas,Kent,,San Bartolome,Male,Farmer,user.png,farmer,Active,f111
112,f112,,Cereza,Jimmy,,San Bartolome,Male,Farmer,user.png,farmer,Active,f112
113,f113,,Barrometro,Cedie,,San Bartolome,Male,Farmer,user.png,farmer,Active,f113
114,f114,,Quisumbing,Pedro,,San Bartolome,Male,Farmer,user.png,farmer,Active,f114
115,f115,,Barrientos,Tino,,San Bartolome,Male,Farmer,user.png,farmer,Active,f115
116,f116,,Belmonte,Tammy,,San Bartolome,Male,Farmer,user.png,farmer,Active,f116
117,f117,,Puentespina,Garry,,San Bartolome,Male,Farmer,user.png,farmer,Active,f117
118,f118,,Pizarro,Lucky,,San Bartolome,Male,Farmer,user.png,farmer,Active,f118
119,f119,,Bondoc,Maximo,,San Bartolome,Male,Farmer,user.png,farmer,Active,f119
120,f120,,Balangao,Miguel,,San Bartolome,Male,Farmer,user.png,farmer,Active,f120
121,f121,,Malapitan,Solomon,,San Bartolome,Male,Farmer,user.png,farmer,Active,f121
122,f122,,Alicante,Alex,,San Bartolome,Male,Farmer,user.png,farmer,Active,f122
123,f123,,Pastor,Mateo,,San Bartolome,Male,Farmer,user.png,farmer,Active,f123
124,f124,,Mangubat,Rowel,,San Bartolome,Male,Farmer,user.png,farmer,Active,f124
125,f125,,Leones,Abraham,,San Bartolome,Male,Farmer,user.png,farmer,Active,f125
126,f126,,Cuevas,Efren,,San Bartolome,Male,Farmer,user.png,farmer,Active,f126
127,f127,,Montero,Rico,,San Bartolome,Male,Farmer,user.png,farmer,Active,f127
128,f128,,Valdez,Kenneth,,San Bartolome,Male,Farmer,user.png,farmer,Active,f128
129,f129,,Lara,Orlan,,San Bartolome,Male,Farmer,user.png,farmer,Active,f129
130,f130,,Rubio,Rodel,,San Bartolome,Male,Farmer,user.png,farmer,Active,f130
131,f131,,Hernández,Angelo,,San Bartolome,Male,Farmer,user.png,farmer,Active,f131
132,f132,,Batac,Victor,,San Felix,Male,Farmer,user.png,farmer,Active,f132
133,f133,,Torres,Ronan,,San Felix,Male,Farmer,user.png,farmer,Active,f133
134,f134,,Castillo,Robert,,San Felix,Male,Farmer,user.png,farmer,Active,f134
135,f135,,Felongco,Michelle,,San Felix,Female,Farmer,user.png,farmer,Active,f135
136,f136,,Panopio,Melinda,,San Felix,Female,Farmer,user.png,farmer,Active,f136
137,f137,,Cadiz,Auring,,San Felix,Female,Farmer,user.png,farmer,Active,f137
138,f138,,Tanilon,Amie,,San Felix,Female,Farmer,user.png,farmer,Active,f138
139,f139,,Abatayo,Cely,,San Felix,Female,Farmer,user.png,farmer,Active,f139
140,f140,,Vilela,Mila,,San Felix,Female,Farmer,user.png,farmer,Active,f140
141,f141,,Concepcion,Inda,,San Felix,Female,Farmer,user.png,farmer,Active,f141
142,f142,,Rivera,Edith,,San Felix,Female,Farmer,user.png,farmer,Active,f142
143,f143,,Amparo,Bolet,,San Felix,Female,Farmer,user.png,farmer,Active,f143
144,f144,,Magbanua,Dalia,,San Felix,Female,Farmer,user.png,farmer,Active,f144
145,f145,,Manansala,Melissa,,San Felix,Female,Farmer,user.png,farmer,Active,f145
146,f146,,Magsakay,Tess,,San Felix,Female,Farmer,user.png,farmer,Active,f146
147,f147,,Padilla,Terisita,,San Felix,Female,Farmer,user.png,farmer,Active,f147
148,f148,,Macalipay,Gloria,,San Felix,Female,Farmer,user.png,farmer,Active,f148
149,f149,,Catapang,Vicky,,San Felix,Female,Farmer,user.png,farmer,Active,f149
150,f150,,Vilela,Lanie,,San Felix,Female,Farmer,user.png,farmer,Active,f150
151,f151,,Concepcion,Fely,,San Felix,Femala,Farmer,user.png,farmer,Active,f151
152,f152,,Ocampo,Melissa,,San Felix,Female,Farmer,user.png,farmer,Active,f152
153,f153,,Amparo,Anna,,San Felix,Female,Farmer,user.png,farmer,Active,f153
154,f154,,Magbanua,Carmen,,San Felix,Female,Farmer,user.png,farmer,Active,f154
155,f155,,Manansala,Maura,,San Felix,Female,Farmer,user.png,farmer,Active,f155
156,f156,,Magsakay,Shiela,,San Felix,Female,Farmer,user.png,farmer,Active,f156
157,f157,,Padilla,Pilong,,San Felix,Male,Farmer,user.png,farmer,Active,f157
158,f158,,Macalipay,Rico,,San Felix,Male,Farmer,user.png,farmer,Active,f158
159,f159,,Catapang,Cito,,San Felix,Male,Farmer,user.png,farmer,Active,f159
160,f160,,Benavides,Juan,,San Felix,Male,Farmer,user.png,farmer,Active,f160
161,f161,,Quezada,Isidro,,San Felix,Male,Farmer,user.png,farmer,Active,f161
162,f162,,Sambrano,Garry,,San Felix,Male,Farmer,user.png,farmer,Active,f162
163,f163,,Sambrano,David,,San Felix,Male,Farmer,user.png,farmer,Active,f163
164,f164,,Zarate,Frisco,,San Felix,Male,Farmer,user.png,farmer,Active,f164
165,f165,,Castillo,Ambet,,San Felix,Male,Farmer,user.png,farmer,Active,f165
166,f166,,Castillo,Nilo,,San Felix,Male,Farmer,user.png,farmer,Active,f166
167,f167,,Rivera,Cardo,,San Felix,Male,Farmer,user.png,farmer,Active,f167
168,f168,,Carandang,Gido,,San Felix,Male,Farmer,user.png,farmer,Active,f168
169,f169,,Garcia,David,,San Felix,Male,Farmer,user.png,farmer,Active,f169
170,f170,,Serano,Boyet,,San Felix,Male,Farmer,user.png,farmer,Active,f170
171,f171,,Odeng,Nilo,,San Felix,Male,Farmer,user.png,farmer,Active,f171
172,f172,,Dela Cruz,Bryant,,San Felix,Male,Farmer,user.png,farmer,Active,f172
173,f173,,Karunungan,Rex,,San Felix,Male,Farmer,user.png,farmer,Active,f173
174,f174,,Hilo,Basyo,,San Felix,Male,Farmer,user.png,farmer,Active,f174
175,f175,,Mercado,Rico,,San Felix,Male,Farmer,user.png,farmer,Active,f175
176,f176,,Trinidad, Ambet,,San Felix,Male,Farmer,user.png,farmer,Active,f176
177,f177,,Sace,Boyong,,San Felix,Male,Farmer,user.png,farmer,Active,f177
178,f178,,San Jose,Cris,,San Felix,Male,Farmer,user.png,farmer,Active,f178
179,f179,,Delong,Rowel,,San Felix,Male,Farmer,user.png,farmer,Active,f179
180,f180,,Espiritu,Baylon,,San Felix,Male,Farmer,user.png,farmer,Active,f180
181,f181,,Saluro,Benito,,San Felix,Male,Farmer,user.png,farmer,Active,f181
182,f182,,Goyo,Cito,,San Felix,Male,Farmer,user.png,farmer,Active,f182
183,f183,,Natividad,Rex,,San Felix,Male,Farmer,user.png,farmer,Active,f183
184,f184,,Natividad,Eric,,San Felix,Male,Farmer,user.png,farmer,Active,f184
185,f185,,Saligumba,Danny,,San Felix,Male,Farmer,user.png,farmer,Active,f185
186,f186,,Oman,Roberto,,San Felix,Male,Farmer,user.png,farmer,Active,f186
187,f187,,Lopez,Gio,,San Felix,Male,Farmer,user.png,farmer,Active,f187
188,f188,,Lopez,Lino,,San Felix,Male,Farmer,user.png,farmer,Active,f188
189,f189,,Garcia,Jimmy,,San Felix,Male,Farmer,user.png,farmer,Active,f189
190,f190,,Seda,Larry,,San Felix,Male,Farmer,user.png,farmer,Active,f190
191,f191,,Santos,Virgillio,,San Felix,Male,Farmer,user.png,farmer,Active,f191
192,f192,,Saludo,Jacob,,San Felix,Male,Farmer,user.png,farmer,Active,f192
193,f193,,Plaza,Harisson,,San Felix,Male,Farmer,user.png,farmer,Active,f193
194,f194,,Castillo,Lando,,San Felix,Male,Farmer,user.png,farmer,Active,f194
195,f195,,Saludo,Tano,,San Felix,Male,Farmer,user.png,farmer,Active,f195
196,f196,,Gonzales,Mario,,San Felix,Male,Farmer,user.png,farmer,Active,f196
197,f197,,Gonzales,Jhun,,San Felix,Male,Farmer,user.png,farmer,Active,f197
198,f198,,Elic,Glenn,,San Felix,Male,Farmer,user.png,farmer,Active,f198
199,f199,,Castro,Cely,,San Fernando,Female,Farmer,user.png,farmer,Active,f199
200,f200,,Carpio,Lennie,,San Fernando,Female,Farmer,user.png,farmer,Active,f200
201,f201,,Ocampo,Elizabeth,,San Fernando,Female,Farmer,user.png,farmer,Active,f201
202,f202,,Ocampo ,Riza,,San Fernando,Female,Farmer,user.png,farmer,Active,f202
203,f203,,Sabida,Jimmy,,San Fernando,Male,Farmer,user.png,farmer,Active,f203
204,f204,,Garcia,Rodel,,San Fernando,Male,Farmer,user.png,farmer,Active,f204
205,f205,,Legaspi,Leo,,San Fernando,Male,Farmer,user.png,farmer,Active,f205
206,f206,,Torres,Gerick,,San Fernando,Male,Farmer,user.png,farmer,Active,f206
207,f207,,Moro,Rico,,San Fernando,Male,Farmer,user.png,farmer,Active,f207
208,f208,,Pablo,Edwin,,San Fernando,Male,Farmer,user.png,farmer,Active,f208
209,f209,,Barbosa,Numer,,San Fernando,Male,Farmer,user.png,farmer,Active,f209
210,f210,,Cardo,Juan,,San Fernando,Male,Farmer,user.png,farmer,Active,f210
211,f211,,Rivera ,Apolinario,,San Fernando,Male,Farmer,user.png,farmer,Active,f211
212,f212,,Samarita,Dallio,,San Fernando,Male,Farmer,user.png,farmer,Active,f212
213,f213,,Miranda,Cesar,,San Fernando,Male,Farmer,user.png,farmer,Active,f213
214,f214,,Angeles,Ferdie,,San Fernando,Male,Farmer,user.png,farmer,Active,f214
215,f215,,Gabo,Tano,,San Fernando,Male,Farmer,user.png,farmer,Active,f215
216,f216,,Samarita,Resty,,San Fernando,Male,Farmer,user.png,farmer,Active,f216
217,f217,,Malaban,Rowel,,San Fernando,Male,Farmer,user.png,farmer,Active,f217
218,f218,,Ordon,Ron,,San Francisco,Male,Farmer,user.png,farmer,Active,f218
219,f219,, Lumucho,Danica,,San Francisco,Female,Farmer,user.png,farmer,Active,f219
220,f220,,Maligalig,Carmela,,San Francisco,Female,Farmer,user.png,farmer,Active,f220
221,f221,,Fundamera,Bianca,,San Francisco,Female,Farmer,user.png,farmer,Active,f221
222,f222,,Casupana,Bean,,San Francisco,Male,Farmer,user.png,farmer,Active,f222
223,f223,,Mijares,Primo,,San Francisco,Male,Farmer,user.png,farmer,Active,f223
224,f224,,Carandang,Harold,,San Francisco,Male,Farmer,user.png,farmer,Active,f224
225,f225,,Competente,Michael,,San Francisco,Male,Farmer,user.png,farmer,Active,f225
226,f226,, Asik,Goerge,,San Francisco,Male,Farmer,user.png,farmer,Active,f226
227,f227,,Legaspi,Camdem,,San Francisco,Male,Farmer,user.png,farmer,Active,f227
228,f228,, Montenegro,Tony,,San Francisco,Male,Farmer,user.png,farmer,Active,f228
229,f229,,Malabanan,Ton ton,,San Francisco,Male,Farmer,user.png,farmer,Active,f229
230,f230,,Magpantay,Christian,,San Francisco,Male,Farmer,user.png,farmer,Active,f230
231,f231,,Evangelista,Frency,,San Francisco,Male,Farmer,user.png,farmer,Active,f231
232,f232,,Torres,Juluis,,San Francisco,Male,Farmer,user.png,farmer,Active,f232
233,f233,,Dimaculangan,Fred,,San Francisco,Male,Farmer,user.png,farmer,Active,f233
234,f234,,Angeles,Fredinand,,San Francisco,Male,Farmer,user.png,farmer,Active,f234
235,f235,,Ganado,Cj,,San Francisco,Male,Farmer,user.png,farmer,Active,f235
236,f236,,Lumucho,Rod,,San Francisco,Male,Farmer,user.png,farmer,Active,f236
237,f237,,Matrano,Owa,,San Francisco,Male,Farmer,user.png,farmer,Active,f237
238,f238,, Oba,Peter,,San Francisco,Male,Farmer,user.png,farmer,Active,f238
239,f239,, Almojela,Lizzie,,San Francisco,Male,Farmer,user.png,farmer,Active,f239
240,f240,, Guevarra,Lemuel,,San Francisco,Male,Farmer,user.png,farmer,Active,f240
241,f241,,Malveda,Josephine,,San Francisco,Male,Farmer,user.png,farmer,Active,f241
242,f242,,Macahiya,Kenneth,,San Francisco,Male,Farmer,user.png,farmer,Active,f242
243,f243,, Banaticla,Ivan,,San Francisco,Male,Farmer,user.png,farmer,Active,f243
244,f244,,Malabuyoc,Juluis,,San Francisco,Male,Farmer,user.png,farmer,Active,f244
245,f245,,Trinidad,Edu,,San Francisco,Male,Farmer,user.png,farmer,Active,f245
246,f246,,Ravena,Keifer,,San Francisco,Male,Farmer,user.png,farmer,Active,f246
247,f247,,Punzalan,Ron,,San Isidro Norte,Male,Farmer,user.png,farmer,Active,f247
248,f248,, Rosales,Jericho,,San Isidro Norte,Male,Farmer,user.png,farmer,Active,f248
249,f249,, Veterano,Don,,San Isidro Norte,Male,Farmer,user.png,farmer,Active,f249
250,f250,, Zarraga,Tatik,,San Isidro Norte,Male,Farmer,user.png,farmer,Active,f250
251,f251,, Carandang,Patrick,,San Isidro Norte,Male,Farmer,user.png,farmer,Active,f251
252,f252,,Manatili,Denver,,San Isidro Norte,Male,Farmer,user.png,farmer,Active,f252
253,f253,, Montenegro,Josh,,San Isidro Norte,Male,Farmer,user.png,farmer,Active,f253
254,f254,,Ilagan,Dean,,San Isidro Norte,Male,Farmer,user.png,farmer,Active,f254
255,f255,,Montero,Shaira,,San Isidro Norte,Female,Farmer,user.png,farmer,Active,f255
256,f256,,Tan,Aira,,San Isidro Norte,Female,Farmer,user.png,farmer,Active,f256
257,f257,,Ramos,Roma,,San Isidro Norte,Female,Farmer,user.png,farmer,Active,f257
258,f258,,Saludo,Jerlyn,,San Isidro Norte,Female,Farmer,user.png,farmer,Active,f258
259,f259,,Saba,Rodolf,,San Isidro Norte,Male,Farmer,user.png,farmer,Active,f259
260,f260,,Macandili,Owa,,San Isidro Norte,Male,Farmer,user.png,farmer,Active,f260
261,f261,,Mercado,Emman,,San Isidro Norte,Male,Farmer,user.png,farmer,Active,f261
262,f262,,Elic,Homer,,San Isidro Norte,Male,Farmer,user.png,farmer,Active,f262
263,f263,,Oga,Harold,,San Isidro Norte,Male,Farmer,user.png,farmer,Active,f263
264,f264,,Briones,Lawrenz,,San Isidro Norte,Male,Farmer,user.png,farmer,Active,f264
265,f265,,Lanting,Roy,,San Isidro Norte,Male,Farmer,user.png,farmer,Active,f265
266,f266,,Macandili,Carmela,,San Isidro Sur,Female,Farmer,user.png,farmer,Active,f266
267,f267,,Saba,Alex,,San Isidro Sur,Female,Farmer,user.png,farmer,Active,f267
268,f268,,Mercado,Oks,,San Isidro Sur,Male,Farmer,user.png,farmer,Active,f268
269,f269,,Leus,Buknoy,,San Isidro Sur,Male,Farmer,user.png,farmer,Active,f269
270,f270,,De Ocampo,Xian,,San Isidro Sur,Male,Farmer,user.png,farmer,Active,f270
271,f271,,Saludo,Dennis,,San Isidro Sur,Male,Farmer,user.png,farmer,Active,f271
272,f272,,Panghulan,Gilbert,,San Isidro Sur,Male,Farmer,user.png,farmer,Active,f272
273,f273,,Caraan,Willy,,San Isidro Sur,Male,Farmer,user.png,farmer,Active,f273
274,f274,,Jordan,Kerwin,,San Isidro Sur,Male,Farmer,user.png,farmer,Active,f274
275,f275,,Lanting,Emman,,San Isidro Sur,Male,Farmer,user.png,farmer,Active,f275
276,f276,,Maala,Christian,,San Isidro Sur,Male,Farmer,user.png,farmer,Active,f276
277,f277,,Zamoco,Buboy,,San Isidro Sur,Male,Farmer,user.png,farmer,Active,f277
278,f278,,Dimaunahan,Charles,,San Isidro Sur,Male,Farmer,user.png,farmer,Active,f278
279,f279,,Macaraig,Don,,San Isidro Sur,Male,Farmer,user.png,farmer,Active,f279
280,f280,,Saba,Aj,,San Isidro Sur,Male,Farmer,user.png,farmer,Active,f280
281,f281,,Ramos,Biboy,,San Isidro Sur,Male,Farmer,user.png,farmer,Active,f281
282,f282,,Landicho,Bibet,,San Isidro Sur,Male,Farmer,user.png,farmer,Active,f282
283,f283,,Ocampo,Gleen,,San Isidro Sur,Male,Farmer,user.png,farmer,Active,f283
284,f284,,Tolo,Jerry,,San Isidro Sur,Male,Farmer,user.png,farmer,Active,f284
285,f285,,Rala,Derk,,San Isidro Sur,Male,Farmer,user.png,farmer,Active,f285
286,f286,,Tala Tala,Derek,,San Isidro Sur,Male,Farmer,user.png,farmer,Active,f286
287,f287,,Bautista,Carlo,,San Isidro Sur,Male,Farmer,user.png,farmer,Active,f287
288,f288,,Cruz,Coby,,San Isidro Sur,Male,Farmer,user.png,farmer,Active,f288
289,f289,,Garcia,Pido,,San Isidro Sur,Male,Farmer,user.png,farmer,Active,f289
290,f290,,Alden Richards,Lito,,San Isidro Sur,Male,Farmer,user.png,farmer,Active,f290
291,f291,,I Santos,Jp,,San Isidro Sur,Male,Farmer,user.png,farmer,Active,f291
292,f292,,Salvador,Patrick,,San Isidro Sur,Male,Farmer,user.png,farmer,Active,f292
293,f293,,Fernandez,Sark,,San Isidro Sur,Male,Farmer,user.png,farmer,Active,f293
294,f294,,Del Rosario,Sadro,,San Joaquin,Male,Farmer,user.png,farmer,Active,f294
295,f295,,Perez,Macky,,San Joaquin,Male,Farmer,user.png,farmer,Active,f295
296,f296,, Torres-Gomez,Imot,,San Joaquin,Male,Farmer,user.png,farmer,Active,f296
297,f297,,Gonzales,Rupert,,San Joaquin,Male,Farmer,user.png,farmer,Active,f297
298,f298,,Lopez,Rahlp,,San Joaquin,Male,Farmer,user.png,farmer,Active,f298
299,f299,,Ramirez,Ronald,,San Joaquin,Male,Farmer,user.png,farmer,Active,f299
300,f300,,Francisco,Cardo,,San Joaquin,Male,Farmer,user.png,farmer,Active,f300
301,f301,,Ramos,Harold,,San Joaquin,Male,Farmer,user.png,farmer,Active,f301
302,f302,,Sanchez,Emman,,San Joaquin,Male,Farmer,user.png,farmer,Active,f302
303,f303,,Enriquez,Ador,,San Joaquin,Male,Farmer,user.png,farmer,Active,f303
304,f304,,Agustin,Jess,,San Joaquin,Male,Farmer,user.png,farmer,Active,f304
305,f305,,Tan,Gener,,San Joaquin,Male,Farmer,user.png,farmer,Active,f305
306,f306,,Aquino,Pogito,,San Joaquin,Male,Farmer,user.png,farmer,Active,f306
307,f307,,Antonio,Roma,,San Jose,Female,Farmer,user.png,farmer,Active,f307
308,f308,,LIM,Carlo,,San Jose,Male,Farmer,user.png,farmer,Active,f308
309,f309,,Salazar,Darren,,San Jose,Male,Farmer,user.png,farmer,Active,f309
310,f310,,Alcantara,Jose,,San Jose,Male,Farmer,user.png,farmer,Active,f310
311,f311,,Cortez,Wally,,San Jose,Male,Farmer,user.png,farmer,Active,f311
312,f312,,Antonio,Paolo,,San Jose,Male,Farmer,user.png,farmer,Active,f312
313,f313,,Agustín,Victor,,San Jose,Male,Farmer,user.png,farmer,Active,f313
314,f314,,Rosales,Miguel,,San Jose,Male,Farmer,user.png,farmer,Active,f314
315,f315,,Manuel,Efren,,San Jose,Male,Farmer,user.png,farmer,Active,f315
316,f316,,Mariano,Bano,,San Jose,Male,Farmer,user.png,farmer,Active,f316
317,f317,,Evangelista,Ella,,San Juan,Female,Farmer,user.png,farmer,Active,f317
318,f318,,Pineda,Airah,,San Juan,Female,Farmer,user.png,farmer,Active,f318
319,f319,,Enríquez,Doris,,San Juan,Female,Farmer,user.png,farmer,Active,f319
320,f320,,Ocampo,Denise,,San Juan,Female,Farmer,user.png,farmer,Active,f320
321,f321,,Alcántara,Ligaya,,San Juan,Female,Farmer,user.png,farmer,Active,f321
322,f322,,Pascua,Jenny,,San Juan,Female,Farmer,user.png,farmer,Active,f322
323,f323,,de Vera,Rina,,San Juan,Female,Farmer,user.png,farmer,Active,f323
324,f324,,Romero,Gina,,San Juan,Female,Farmer,user.png,farmer,Active,f324
325,f325,,de Jesús,James,,San Juan,Male,Farmer,user.png,farmer,Active,f325
326,f326,,dela Peña,William,,San Juan,Male,Farmer,user.png,farmer,Active,f326
327,f327,,Valencia,Daniel,,San Juan,Male,Farmer,user.png,farmer,Active,f327
328,f328,,Ignacio,Thomas,,San Juan,Male,Farmer,user.png,farmer,Active,f328
329,f329,,Vergara,David,,San Juan,Male,Farmer,user.png,farmer,Active,f329
330,f330,,Padilla,Michael,,San Juan,Male,Farmer,user.png,farmer,Active,f330
331,f331,,Angeles,John,,San Juan,Male,Farmer,user.png,farmer,Active,f331
332,f332,,Briones,Noah,,San Juan,Male,Farmer,user.png,farmer,Active,f332
333,f333,,Santos,Joseph,,San Juan,Male,Farmer,user.png,farmer,Active,f333
334,f334,,Saba,Robert,,San Juan,Male,Farmer,user.png,farmer,Active,f334
335,f335,,Salvador,Benjamin,,San Juan,Male,Farmer,user.png,farmer,Active,f335
336,f336,,Leus,Henry,,San Juan,Male,Farmer,user.png,farmer,Active,f336
337,f337,,Fernandez,Jack,,San Juan,Male,Farmer,user.png,farmer,Active,f337
338,f338,,Encarnacion,Samuel,,San Juan,Male,Farmer,user.png,farmer,Active,f338
339,f339,,Del Rosario,Charles,,San Juan,Male,Farmer,user.png,farmer,Active,f339
340,f340,,Rala,George,,San Juan,Male,Farmer,user.png,farmer,Active,f340
341,f341,,Perez,Anthony,,San Juan,Male,Farmer,user.png,farmer,Active,f341
342,f342,,Santos,Oliver,,San Juan,Male,Farmer,user.png,farmer,Active,f342
343,f343,,Torres-Gomez,Andrew,,San Juan,Male,Farmer,user.png,farmer,Active,f343
344,f344,,Lbiang,Aljun,,San Juan,Male,Farmer,user.png,farmer,Active,f344
345,f345,,Gonzales,Jeth,,San Juan,Male,Farmer,user.png,farmer,Active,f345
346,f346,,Lanting,Pido,,San Juan,Male,Farmer,user.png,farmer,Active,f346
347,f347,,Lopez,Gil,,San Juan,Male,Farmer,user.png,farmer,Active,f347
348,f348,,Pitogo,Tamek,,San Juan,Male,Farmer,user.png,farmer,Active,f348
349,f349,,Ramirez,Kyle,,San Juan,Male,Farmer,user.png,farmer,Active,f349
350,f350,,Balahandia,Joshua,,San Juan,Male,Farmer,user.png,farmer,Active,f350
351,f351,,Francisco,Vic,,San Juan,Male,Farmer,user.png,farmer,Active,f351
352,f352,,Saba,Joey,,San Juan,Male,Farmer,user.png,farmer,Active,f352
353,f353,,Ramos,Jack,,San Juan,Male,Farmer,user.png,farmer,Active,f353
354,f354,,Leus,Buloy,,San Juan,Male,Farmer,user.png,farmer,Active,f354
355,f355,,Sanchez,Lee,,San Juan,Male,Farmer,user.png,farmer,Active,f355
356,f356,,Santos,Binata,,San Juan,Male,Farmer,user.png,farmer,Active,f356
357,f357,,Enriquez,Gabby,,San Luis,Female,Farmer,user.png,farmer,Active,f357
358,f358,,De Ocampo,Andrea,,San Miguel,Female,Farmer,user.png,farmer,Active,f358
359,f359,,Agustin,Nicole,,San Miguel,Female,Farmer,user.png,farmer,Active,f359
360,f360,,Hidalgo,Jane,,San Miguel,Female,Farmer,user.png,farmer,Active,f360
361,f361,,Tan,James,,San Miguel,Male,Farmer,user.png,farmer,Active,f361
362,f362,,Vita,John,,San Miguel,Male,Farmer,user.png,farmer,Active,f362
363,f363,,Aquino,Robert,,San Miguel,Male,Farmer,user.png,farmer,Active,f363
364,f364,,Cruz,Michael,,San Miguel,Male,Farmer,user.png,farmer,Active,f364
365,f365,,Antonio,William,,San Miguel,Male,Farmer,user.png,farmer,Active,f365
366,f366,,Lucido,David,,San Miguel,Male,Farmer,user.png,farmer,Active,f366
367,f367,,Lim,Richard,,San Miguel,Male,Farmer,user.png,farmer,Active,f367
368,f368,,Maala,Charles,,San Miguel,Male,Farmer,user.png,farmer,Active,f368
369,f369,,Salazar,Joseph,,San Miguel,Male,Farmer,user.png,farmer,Active,f369
370,f370,,Manalo,Thomas,,San Miguel,Male,Farmer,user.png,farmer,Active,f370
371,f371,,Alcantara,Christopher,,San Miguel,Male,Farmer,user.png,farmer,Active,f371
372,f372,,Villegas,Daniel,,San Miguel,Male,Farmer,user.png,farmer,Active,f372
373,f373,,Castro,Paul,,San Miguel,Male,Farmer,user.png,farmer,Active,f373
374,f374,,David,Mark,,San Miguel,Male,Farmer,user.png,farmer,Active,f374
375,f375,,Cruz,Donald,,San Miguel,Male,Farmer,user.png,farmer,Active,f375
376,f376,,Cenol,George,,San Miguel,Male,Farmer,user.png,farmer,Active,f376
377,f377,,Tolentino,Kenneth,,San Miguel,Male,Farmer,user.png,farmer,Active,f377
378,f378,,Masa,Steven,,San Miguel,Male,Farmer,user.png,farmer,Active,f378
379,f379,,Yap,Edward,,San Miguel,Male,Farmer,user.png,farmer,Active,f379
380,f380,,Garcia,Brian,,San Miguel,Male,Farmer,user.png,farmer,Active,f380
381,f381,,Caleb,Ronald,,San Miguel,Male,Farmer,user.png,farmer,Active,f381
382,f382,,Trinidad,Anthony,,San Miguel,Male,Farmer,user.png,farmer,Active,f382
383,f383,,Nedugma,Kevin,,San Miguel,Male,Farmer,user.png,farmer,Active,f383
384,f384,,Talatala,Jason,,San Miguel,Male,Farmer,user.png,farmer,Active,f384
385,f385,,Castillo,Jeff,,San Miguel,Male,Farmer,user.png,farmer,Active,f385
386,f386,,Soriano,Josh,,San Miguel,Male,Farmer,user.png,farmer,Active,f386
387,f387,,Natividad,Maria,,San Pablo,Female,Farmer,user.png,farmer,Active,f387
388,f388,,Sarmiento,Alexandra,,San Pablo,Female,Farmer,user.png,farmer,Active,f388
389,f389,,Cosa,James,,San Pablo,Male,Farmer,user.png,farmer,Active,f389
390,f390,,Cosabit,John,,San Pablo,Male,Farmer,user.png,farmer,Active,f390
391,f391,,Pitogo,Robert,,San Pablo,Male,Farmer,user.png,farmer,Active,f391
392,f392,,kayuda,Michael,,San Pablo,Male,Farmer,user.png,farmer,Active,f392
393,f393,,Adobo,William,,San Pablo,Male,Farmer,user.png,farmer,Active,f393
394,f394,,De villa,David,,San Pablo,Male,Farmer,user.png,farmer,Active,f394
395,f395,,Reyes,Richard,,San Pablo,Male,Farmer,user.png,farmer,Active,f395
396,f396,,Plaza,Charles,,San Pablo,Male,Farmer,user.png,farmer,Active,f396
397,f397,,Montecillo,Joseph,,San Pablo,Male,Farmer,user.png,farmer,Active,f397
398,f398,,Lopez,Thomas,,San Pablo,Male,Farmer,user.png,farmer,Active,f398
399,f399,,Malabanan,Christopher,,San Pablo,Male,Farmer,user.png,farmer,Active,f399
400,f400,,Guevarra,Daniel,,San Pablo,Male,Farmer,user.png,farmer,Active,f400
401,f401,,Dizon,Paul,,San Pablo,Male,Farmer,user.png,farmer,Active,f401
402,f402,,del Rosario,Mark,,San Pablo,Male,Farmer,user.png,farmer,Active,f402
403,f403,,Javier,Donald,,San Pedro,Male,Farmer,user.png,farmer,Active,f403
404,f404,,Córpuz,George,,San Pedro,Male,Farmer,user.png,farmer,Active,f404
405,f405,,Salvador,Kenneth,,San Pedro,Male,Farmer,user.png,farmer,Active,f405
406,f406,,Velasco,Steven,,San Pedro,Male,Farmer,user.png,farmer,Active,f406
407,f407,,Miranda,Edward,,San Pedro,Male,Farmer,user.png,farmer,Active,f407
408,f408,,David,Brian,,San Pedro,Male,Farmer,user.png,farmer,Active,f408
409,f409,,Salazar,Ronald,,San Pedro,Male,Farmer,user.png,farmer,Active,f409
410,f410,,Ferrer,Anthony,,San Pedro,Male,Farmer,user.png,farmer,Active,f410
411,f411,,Álvarez,Kevin,,San Pedro,Male,Farmer,user.png,farmer,Active,f411
412,f412,,Pascual,Jason,,San Pedro,Male,Farmer,user.png,farmer,Active,f412
413,f413,,Lim,Jeff,,San Pedro,Male,Farmer,user.png,farmer,Active,f413
414,f414,,delos Reyes,Kurt,,San Pedro,Male,Farmer,user.png,farmer,Active,f414
415,f415,,Marquez,Renz,,San Pedro,Male,Farmer,user.png,farmer,Active,f415
416,f416,,Jiménez,Don,,San Pedro,Male,Farmer,user.png,farmer,Active,f416
417,f417,,Cortez,Harold,,San Pedro,Male,Farmer,user.png,farmer,Active,f417
418,f418,,Antonio,Jem,,San Pedro,Male,Farmer,user.png,farmer,Active,f418
419,f419,,Agustín,Liam,,San Pedro,Male,Farmer,user.png,farmer,Active,f419
420,f420,,Rosales,Noah,,San Pedro,Male,Farmer,user.png,farmer,Active,f420
421,f421,,Manuel,Oliver,,San Pedro,Male,Farmer,user.png,farmer,Active,f421
422,f422,,Mariano,James,,San Pedro,Male,Farmer,user.png,farmer,Active,f422
423,f423,,Evangelista,Elijah,,San Pedro,Male,Farmer,user.png,farmer,Active,f423
424,f424,,Pineda,William,,San Pedro,Male,Farmer,user.png,farmer,Active,f424
425,f425,,Enríquez,Henry,,San Pedro,Male,Farmer,user.png,farmer,Active,f425
426,f426,,Ocampo,Lucas,,San Pedro,Male,Farmer,user.png,farmer,Active,f426
427,f427,,Alcántara,Benjamin,,San Pedro,Male,Farmer,user.png,farmer,Active,f427
428,f428,,Pascua,Theodore,,San Pedro,Male,Farmer,user.png,farmer,Active,f428
429,f429,,de Vera,Mateo,,San Pedro,Male,Farmer,user.png,farmer,Active,f429
430,f430,,Romero,Levi,,San Pedro,Male,Farmer,user.png,farmer,Active,f430
431,f431,,de Jesús,Sebastian,,San Pedro,Male,Farmer,user.png,farmer,Active,f431
432,f432,,dela Peña,Daniel,,San Pedro,Male,Farmer,user.png,farmer,Active,f432
433,f433,,Valencia,Eduward,,San Pedro,Male,Farmer,user.png,farmer,Active,f433
434,f434,,Ignacio,Jay r,,San Pedro,Male,Farmer,user.png,farmer,Active,f434
435,f435,,Vergara,Edu,,San Pedro,Male,Farmer,user.png,farmer,Active,f435
436,f436,,Padilla,Vincent,,San Rafael,Male,Farmer,user.png,farmer,Active,f436
437,f437,,Angeles,Lonzo,,San Rafael,Male,Farmer,user.png,farmer,Active,f437
438,f438,,Maranan,Dane,,San Rafael,Male,Farmer,user.png,farmer,Active,f438
439,f439,,Cabahug,Arturo,,San Rafael,Male,Farmer,user.png,farmer,Active,f439
440,f440,,Bernardino,Bemabe,,San Rafael,Male,Farmer,user.png,farmer,Active,f440
441,f441,,Arboleda,Porter,,San Rafael,Male,Farmer,user.png,farmer,Active,f441
442,f442,,Payumo,Xzavier,,San Rafael,Male,Farmer,user.png,farmer,Active,f442
443,f443,,Vizcaya,Nemesio,,San Rafael,Male,Farmer,user.png,farmer,Active,f443
444,f444,,Gil,Wesley,,San Rafael,Male,Farmer,user.png,farmer,Active,f444
445,f445,,Arancel,Nikhil,,San Rafael,Male,Farmer,user.png,farmer,Active,f445
446,f446,,Medina,Raymon,,San Rafael,Male,Farmer,user.png,farmer,Active,f446
447,f447,,Riego,Gerald,,San Rafael,Male,Farmer,user.png,farmer,Active,f447
448,f448,,Deocampo,Jack,,San Rafael,Male,Farmer,user.png,farmer,Active,f448
449,f449,,Sandoval,Osbaldo,,San Rafael,Male,Farmer,user.png,farmer,Active,f449
450,f450,,Cawayan,Jameson,,San Rafael,Male,Farmer,user.png,farmer,Active,f450
451,f451,,Calayaan,Nicole,,San Rafael,Male,Farmer,user.png,farmer,Active,f451
452,f452,,Lopez,Jenny,,San Rafael,Male,Farmer,user.png,farmer,Active,f452
453,f453,,Guevarra,Dianna,,San Rafael,Female,Farmer,user.png,farmer,Active,f453
454,f454,,Buenaflor,Jagger,,San Roque,Female,Farmer,user.png,farmer,Active,f454
455,f455,,Sarmiento,Julius,,San Roque,Female,Farmer,user.png,farmer,Active,f455
456,f456,,Órdenes,Norman,,San Roque,Male,Farmer,user.png,farmer,Active,f456
457,f457,,Lingao,Mohammad,,San Roque,Male,Farmer,user.png,farmer,Active,f457
458,f458,,Areopagita,Pacorro,,San Roque,Male,Farmer,user.png,farmer,Active,f458
459,f459,,Desiderio,Pedro,,San Roque,Male,Farmer,user.png,farmer,Active,f459
460,f460,,Villosillo,Ronald,,San Roque,Male,Farmer,user.png,farmer,Active,f460
461,f461,,Ramos,Leonard,,San Roque,Male,Farmer,user.png,farmer,Active,f461
462,f462,,Buenpacífico,Nemesio,,San Roque,Male,Farmer,user.png,farmer,Active,f462
463,f463,,Samson,Trystan,,San Roque,Male,Farmer,user.png,farmer,Active,f463
464,f464,,Bakal,Joms,,San Roque,Male,Farmer,user.png,farmer,Active,f464
465,f465,,Capillo,Abram,,San Vicente,Male,Farmer,user.png,farmer,Active,f465
466,f466,,Cabahug,Idoia,,San Vicente,Male,Farmer,user.png,farmer,Active,f466
467,f467,,Buenaventura,Duane,,San Vicente,Male,Farmer,user.png,farmer,Active,f467
468,f468,,Cruz,Jahiem,,San Vicente,Male,Farmer,user.png,farmer,Active,f468
469,f469,,Davao,Jeff,,San Vicente,Male,Farmer,user.png,farmer,Active,f469
470,f470,,Deocampo,Dallin,,San Vicente,Male,Farmer,user.png,farmer,Active,f470
471,f471,,Zabala,Cyrus,,San Vicente,Male,Farmer,user.png,farmer,Active,f471
472,f472,,Lorete,Elija,,San Vicente,Male,Farmer,user.png,farmer,Active,f472
473,f473,,Ramos,Godalupe,,San Vicente,Male,Farmer,user.png,farmer,Active,f473
474,f474,,Balangao,Franklin,,San Vicente,Male,Farmer,user.png,farmer,Active,f474
475,f475,,Rioja,Ciro,,San Vicente,Male,Farmer,user.png,farmer,Active,f475
476,f476,,Rosario,Jacoby,,San Vicente,Male,Farmer,user.png,farmer,Active,f476
477,f477,,Hinojosa,Clodoveo,,San Vicente,Male,Farmer,user.png,farmer,Active,f477
478,f478,,Cruz,Israel,,San Vicente,Male,Farmer,user.png,farmer,Active,f478
479,f479,,Gonzaga,Antwan,,San Vicente,Male,Farmer,user.png,farmer,Active,f479
480,f480,,Malaluan,Albert,,San Vicente,Male,Farmer,user.png,farmer,Active,f480
481,f481,,Lavares,Christopher,,San Vicente,Male,Farmer,user.png,farmer,Active,f481
482,f482,,Panaligan,Rohan,,San Vicente,Male,Farmer,user.png,farmer,Active,f482
483,f483,,Agustín,Florentino,,San Vicente,Male,Farmer,user.png,farmer,Active,f483
484,f484,,Manalang,Ethen,,San Vicente,Male,Farmer,user.png,farmer,Active,f484
485,f485,,Salazar,Gustava,,San Vicente,Male,Farmer,user.png,farmer,Active,f485
486,f486,,Castañares,Zackery,,San Vicente,Male,Farmer,user.png,farmer,Active,f486
487,f487,,Defensor,Benedicto,,San Vicente,Male,Farmer,user.png,farmer,Active,f487
488,f488,,Macalipay,Clark,,San Vicente,Male,Farmer,user.png,farmer,Active,f488
489,f489,,Manlangit,Omarion,,San Vicente,Male,Farmer,user.png,farmer,Active,f489
490,f490,,Roa,Ally,,San Vicente,Female,Farmer,user.png,farmer,Active,f490
491,f491,,Cueva,andrea,,San Vicente,Female,Farmer,user.png,farmer,Active,f491
492,f492,,Marquez,Alexza,,San Vicente,Female,Farmer,user.png,farmer,Active,f492
493,f493,,Estillore,Jam,,San Vicente,Female,Farmer,user.png,farmer,Active,f493
494,f494,,Legazpí,Winnie,,San Vicente,Female,Farmer,user.png,farmer,Active,f494
495,f495,,Pilares,Carla,,San Vicente,Female,Farmer,user.png,farmer,Active,f495
496,f496,,Masa,Lulu,,San Vicente,Female,Farmer,user.png,farmer,Active,f496
497,f497,,Jasmin,Bea,,San Vicente,Female,Farmer,user.png,farmer,Active,f497
498,f498,,Ariante,Carol,,San Vicente,Female,Farmer,user.png,farmer,Active,f498
499,f499,,Tupas,Damario,,Santiago,Male,Farmer,user.png,farmer,Active,f499
500,f500,,Magpantay,Marcel,,Santiago,Male,Farmer,user.png,farmer,Active,f500
501,f501,,Zoleta,Montrell,,Santiago,Male,Farmer,user.png,farmer,Active,f501
502,f502,,Marasigan,Dallas,,Santiago,Male,Farmer,user.png,farmer,Active,f502
503,f503,,Vizcaya,Maximo,,Santiago,Male,Farmer,user.png,farmer,Active,f503
504,f504,,Manzano,Corey,,Santiago,Male,Farmer,user.png,farmer,Active,f504
505,f505,,Galit,Kennedy,,Santiago,Male,Farmer,user.png,farmer,Active,f505
506,f506,,Samonte,Gavin,,Santiago,Male,Farmer,user.png,farmer,Active,f506
507,f507,,Rivera,Zaire,,Santiago,Male,Farmer,user.png,farmer,Active,f507
508,f508,,Rillo                                                                                   Legaspí,Blas                                                                               Darien,,Santiago,Male,Farmer,user.png,farmer,Active,f508
509,f509,,Rodríguez,Natalio,,Santiago,Male,Farmer,user.png,farmer,Active,f509
510,f510,,Rana,Frederick,,Santiago,Male,Farmer,user.png,farmer,Active,f510
511,f511,,Guadarrama,Derrick,,Santiago,Male,Farmer,user.png,farmer,Active,f511
512,f512,,Urbina,Roldan,,Santiago,Male,Farmer,user.png,farmer,Active,f512
513,f513,,Castillo,Jovani,,Santiago,Male,Farmer,user.png,farmer,Active,f513
514,f514,,Liwanag,Phillip,,Santiago,Male,Farmer,user.png,farmer,Active,f514
515,f515,,Bustamante,Ramon,,Santiago,Male,Farmer,user.png,farmer,Active,f515
516,f516,,Efren,Philip,,Santiago,Male,Farmer,user.png,farmer,Active,f516
517,f517,,Gamulo,Graciela,,Sta Ana,Female,Farmer,user.png,farmer,Active,f517
518,f518,,Libunao,Leira,,Sta Ana,Female,Farmer,user.png,farmer,Active,f518
519,f519,,Talavér,Rebekah,,Sta Ana,Female,Farmer,user.png,farmer,Active,f519
520,f520,,Velasco,Daria,,Sta Ana,Female,Farmer,user.png,farmer,Active,f520
521,f521,,Abella,Urbano,,Sta Ana,Male,Farmer,user.png,farmer,Active,f521
522,f522,,Prieto,Craig,,Sta Ana,Male,Farmer,user.png,farmer,Active,f522
523,f523,,Daclan,Grant,,Sta Ana,Male,Farmer,user.png,farmer,Active,f523
524,f524,,Tanilon,Austin,,Sta Ana,Male,Farmer,user.png,farmer,Active,f524
525,f525,,Villarin,Thaddeus,,Sta Ana,Male,Farmer,user.png,farmer,Active,f525
526,f526,,Lara,Edwardo,,Sta Ana,Male,Farmer,user.png,farmer,Active,f526
527,f527,,Hontiveros,Erik,,Sta Ana,Male,Farmer,user.png,farmer,Active,f527
528,f528,,Gatchalian,Garrison,,Sta Ana,Male,Farmer,user.png,farmer,Active,f528
529,f529,,Magallanes,Hilario,,Sta Ana,Male,Farmer,user.png,farmer,Active,f529
530,f530,,Francisco,Jaheem,,Sta Ana,Male,Farmer,user.png,farmer,Active,f530
531,f531,,Dimaunahan,Vernon,,Sta Ana,Male,Farmer,user.png,farmer,Active,f531
532,f532,,Chávez,Gilbert,,Sta Ana,Male,Farmer,user.png,farmer,Active,f532
533,f533,,Cabrera,Brady,,Sta Ana,Male,Farmer,user.png,farmer,Active,f533
534,f534,,Europa,Frisco,,Sta Ana,Male,Farmer,user.png,farmer,Active,f534
535,f535,,Barerra,Nancy,,Sta Anastacia,Female,Farmer,user.png,farmer,Active,f535
536,f536,,Barrameda,Estrella,,Sta Anastacia,Female,Farmer,user.png,farmer,Active,f536
537,f537,,Estrada,Lara,,Sta Anastacia,Female,Farmer,user.png,farmer,Active,f537
538,f538,,Osorio,Nataly,,Sta Anastacia,Female,Farmer,user.png,farmer,Active,f538
539,f539,,Balbutin,Dario,,Sta Anastacia,Male,Farmer,user.png,farmer,Active,f539
540,f540,,Tanag,Julien,,Sta Anastacia,Male,Farmer,user.png,farmer,Active,f540
541,f541,,Bunag,Justino,,Sta Anastacia,Male,Farmer,user.png,farmer,Active,f541
542,f542,,Mercado,Victoriano,,Sta Anastacia,Male,Farmer,user.png,farmer,Active,f542
543,f543,,Dagohoy,Ben,,Sta Anastacia,Male,Farmer,user.png,farmer,Active,f543
544,f544,,Marasigan,Camren,,Sta Anastacia,Male,Farmer,user.png,farmer,Active,f544
545,f545,,Benavides,Marcus,,Sta Anastacia,Male,Farmer,user.png,farmer,Active,f545
546,f546,,Manaloto,Nehemiah,,Sta Anastacia,Male,Farmer,user.png,farmer,Active,f546
547,f547,,Díaz,Javiero,,Sta Clara,Male,Farmer,user.png,farmer,Active,f547
548,f548,,Ouano,Colton,,Sta Clara,Male,Farmer,user.png,farmer,Active,f548
549,f549,,Macaraeg,Gitana,,Sta Clara,Male,Farmer,user.png,farmer,Active,f549
550,f550,,Manabat,Keon,,Sta Clara,Male,Farmer,user.png,farmer,Active,f550
551,f551,,Arcega,Jayla,,Sta Cruz,Female,Farmer,user.png,farmer,Active,f551
552,f552,,Calamba,Naiara,,Sta Cruz,Female,Farmer,user.png,farmer,Active,f552
553,f553,,Bayona,Eleanor,,Sta Cruz,Female,Farmer,user.png,farmer,Active,f553
554,f554,,Pangilinan,Rocco,,Sta Cruz,Male,Farmer,user.png,farmer,Active,f554
555,f555,,Osorio,Justino,,Sta Cruz,Male,Farmer,user.png,farmer,Active,f555
556,f556,,Cerinza,Sal,,Sta Cruz,Male,Farmer,user.png,farmer,Active,f556
557,f557,,Monzón,Curcio,,Sta Cruz,Male,Farmer,user.png,farmer,Active,f557
558,f558,,Mipa,Ramone,,Sta Cruz,Male,Farmer,user.png,farmer,Active,f558
559,f559,,Aldo,Caiden,,Sta Cruz,Male,Farmer,user.png,farmer,Active,f559
560,f560,,Concepción,Jessie,,Sta Cruz,Male,Farmer,user.png,farmer,Active,f560
561,f561,,Arce,Montrel,,Sta Cruz,Male,Farmer,user.png,farmer,Active,f561
562,f562,,Areopagita,Gideon,,Sta Cruz,Male,Farmer,user.png,farmer,Active,f562
563,f563,,Madrid,Timoteo,,Sta Cruz,Male,Farmer,user.png,farmer,Active,f563
564,f564,,Mañalac,Edith,,Sta Elena,Female,Farmer,user.png,farmer,Active,f564
565,f565,,Capistrano,Sara,,Sta Elena,Female,Farmer,user.png,farmer,Active,f565
566,f566,,Razón,Kaitlynn,,Sta Elena,Female,Farmer,user.png,farmer,Active,f566
567,f567,,Togonon,Delilah,,Sta Elena,Female,Farmer,user.png,farmer,Active,f567
568,f568,,Catindig,Avery,,Sta Elena,Female,Farmer,user.png,farmer,Active,f568
569,f569,,Austria,Jaxon,,Sta Elena,Male,Farmer,user.png,farmer,Active,f569
570,f570,,Mallari,Jamison,,Sta Elena,Male,Farmer,user.png,farmer,Active,f570
571,f571,,Monceda,Riley,,Sta Elena,Male,Farmer,user.png,farmer,Active,f571
572,f572,,Cabungcal,Alec,,Sta Elena,Male,Farmer,user.png,farmer,Active,f572
573,f573,,Abracosa,Claudio,,Sta Elena,Male,Farmer,user.png,farmer,Active,f573
574,f574,,Villaruz,Gavin,,Sta Elena,Male,Farmer,user.png,farmer,Active,f574
575,f575,,Opulencia,Fred,,Sta Elena,Male,Farmer,user.png,farmer,Active,f575
576,f576,,Macatangay,Dipatuan,,Sta Elena,Male,Farmer,user.png,farmer,Active,f576
577,f577,,Pinagpala,Diego,,Sta Elena,Male,Farmer,user.png,farmer,Active,f577
578,f578,,Emerson Magalona,Emerson,,Sta Elena,Male,Farmer,user.png,farmer,Active,f578
579,f579,,Balandra,Jordon,,Sta Elena,Male,Farmer,user.png,farmer,Active,f579
580,f580,,Abad,Sawyer,,Sta Elena,Male,Farmer,user.png,farmer,Active,f580
581,f581,,Padilla,Nico,,Sta Elena,Male,Farmer,user.png,farmer,Active,f581
582,f582,,Montederamos,Anbessa,,Sta Elena,Male,Farmer,user.png,farmer,Active,f582
583,f583,,Reyes,Lee,,Sta Elena,Male,Farmer,user.png,farmer,Active,f583
584,f584,,Macalintal,Larry,,Sta Elena,Male,Farmer,user.png,farmer,Active,f584
585,f585,,Galéndez,Jaime,,Sta Elena,Male,Farmer,user.png,farmer,Active,f585
586,f586,,González,Jamie,,Sta Elena,Male,Farmer,user.png,farmer,Active,f586
587,f587,,Órdenes,Kate,,Sta Maria,Female,Farmer,user.png,farmer,Active,f587
588,f588,,Guevara,Mariah,,Sta Maria,Female,Farmer,user.png,farmer,Active,f588
589,f589,,Cuenco,Destinee,,Sta Maria,Female,Farmer,user.png,farmer,Active,f589
590,f590,,Fontanilla,Xeveria,,Sta Maria,Female,Farmer,user.png,farmer,Active,f590
591,f591,,Moreno,Chasity,,Sta Maria,Female,Farmer,user.png,farmer,Active,f591
592,f592,,Liwag,Dayami,,Sta Maria,Female,Farmer,user.png,farmer,Active,f592
593,f593,,Arcilla,Lea,,Sta Maria,Female,Farmer,user.png,farmer,Active,f593
594,f594,,Gonzáles,Zamora,,Sta Maria,Female,Farmer,user.png,farmer,Active,f594
595,f595,,Matias,Moya,,Sta Maria,Female,Farmer,user.png,farmer,Active,f595
596,f596,,Mesías,Rica,,Sta Maria,Female,Farmer,user.png,farmer,Active,f596
597,f597,,Tamayo,Lucila,,Sta Maria,Female,Farmer,user.png,farmer,Active,f597
598,f598,,Corpuz,Teodoro,,Sta Maria,Female,Farmer,user.png,farmer,Active,f598
599,f599,,Acuña,Billy,,Sta Maria,Male,Farmer,user.png,farmer,Active,f599
600,f600,,Amurao,Serafin,,Sta Maria,Male,Farmer,user.png,farmer,Active,f600
601,f601,,Mañalac,Keyshawn,,Sta Maria,Male,Farmer,user.png,farmer,Active,f601
602,f602,,Galéndez,Keon,,Sta Maria,Male,Farmer,user.png,farmer,Active,f602
603,f603,,Ventura,Victoriano,,Sta Maria,Male,Farmer,user.png,farmer,Active,f603
604,f604,,Legaspí,Santino,,Sta Maria,Male,Farmer,user.png,farmer,Active,f604
605,f605,,Malano,Zane,,Sta Maria,Male,Farmer,user.png,farmer,Active,f605
606,f606,,Sombilon,Declan,,Sta Maria,Male,Farmer,user.png,farmer,Active,f606
607,f607,,Baldonado,Zack,,Sta Maria,Male,Farmer,user.png,farmer,Active,f607
608,f608,,Buñag,Terciero,,Sta Maria,Male,Farmer,user.png,farmer,Active,f608
609,f609,,Payumo,Blas,,Sta Maria,Male,Farmer,user.png,farmer,Active,f609
610,f610,,Monteverde,Mikel,,Sta Maria,Male,Farmer,user.png,farmer,Active,f610
611,f611,,Acevedo,Cyrus,,Sta Maria,Male,Farmer,user.png,farmer,Active,f611
612,f612,,Samonte,Emiliano,,Sta Maria,Male,Farmer,user.png,farmer,Active,f612
613,f613,,Manrique,Jeremiah,,Sta Maria,Male,Farmer,user.png,farmer,Active,f613
614,f614,,Masancay,Fidele,,Sta Maria,Male,Farmer,user.png,farmer,Active,f614
615,f615,,Basan,Dexter,,Sta Teresita,Male,Farmer,user.png,farmer,Active,f615
,,,,,,,,,,,,
